{"cameraMode":{"drawMode":0,"name":"Shaded","section":"Shading Mode"},"sceneLighting":false,"audioPlay":false,"sceneViewState":{"showFog":true,"showMaterialUpdate":true,"showSkybox":false,"showFlares":true,"showImageEffects":true,"showParticleSystems":true},"in2DMode":false,"pivot":{"x":-0.010198831558227539,"y":-0.009454846382141114,"z":-7.450580596923828e-9},"rotation":{"x":0.09364548325538635,"y":-0.873791515827179,"z":0.18624211847782136,"w":0.43935665488243105},"size":1.0176632404327393,"orthographic":true}