{"cameraMode":{"drawMode":0,"name":"Shaded","section":"Shading Mode"},"sceneLighting":false,"audioPlay":false,"sceneViewState":{"showFog":true,"showMaterialUpdate":false,"showSkybox":false,"showFlares":true,"showImageEffects":true,"showParticleSystems":true},"in2DMode":false,"pivot":{"x":0.00000762939453125,"y":0.0,"z":0.00003814697265625},"rotation":{"x":0.06380591541528702,"y":0.8796038627624512,"z":-0.12343674898147583,"w":0.4550459384918213},"size":118.21207427978516,"orthographic":true}