{"cameraMode":{"drawMode":0,"name":"Shaded","section":"Shading Mode"},"sceneLighting":false,"audioPlay":false,"sceneViewState":{"showFog":true,"showMaterialUpdate":true,"showSkybox":false,"showFlares":true,"showImageEffects":true,"showParticleSystems":true},"in2DMode":false,"pivot":{"x":-14.061994552612305,"y":1.4144079685211182,"z":12.911284446716309},"rotation":{"x":-0.12617504596710206,"y":0.43598324060440066,"z":-0.061883024871349338,"w":-0.8889183402061462},"size":1.4101860523223878,"orthographic":true}