{"cameraMode":{"drawMode":0,"name":"Shaded","section":"Shading Mode"},"sceneLighting":false,"audioPlay":false,"sceneViewState":{"showFog":true,"showMaterialUpdate":true,"showSkybox":false,"showFlares":true,"showImageEffects":true,"showParticleSystems":true},"in2DMode":false,"pivot":{"x":-0.7350000143051148,"y":0.32499998807907107,"z":2.700000047683716},"rotation":{"x":0.29898518323898318,"y":-0.5651386380195618,"z":0.2303238958120346,"w":0.7336121797561646},"size":0.8309040665626526,"orthographic":true}