{"cameraMode":{"drawMode":0,"name":"Shaded","section":"Shading Mode"},"sceneLighting":false,"audioPlay":false,"sceneViewState":{"showFog":true,"showMaterialUpdate":true,"showSkybox":false,"showFlares":true,"showImageEffects":true,"showParticleSystems":true},"in2DMode":false,"pivot":{"x":-0.04260033369064331,"y":-0.020408300682902337,"z":0.0},"rotation":{"x":0.355241060256958,"y":0.10067524015903473,"z":-0.03851592540740967,"w":0.9285436272621155},"size":2.002027750015259,"orthographic":true}