{"cameraMode":{"drawMode":0,"name":"Shaded","section":"Shading Mode"},"sceneLighting":false,"audioPlay":false,"sceneViewState":{"showFog":true,"showMaterialUpdate":true,"showSkybox":false,"showFlares":true,"showImageEffects":true,"showParticleSystems":true},"in2DMode":false,"pivot":{"x":8.196285247802735,"y":1.6801109313964844,"z":9.35001277923584},"rotation":{"x":-0.24563859403133393,"y":-0.27954062819480898,"z":0.07421983033418656,"w":-0.9252368211746216},"size":2.1480038166046144,"orthographic":true}