{"cameraMode":{"drawMode":0,"name":"Shaded","section":"Shading Mode"},"sceneLighting":false,"audioPlay":false,"sceneViewState":{"showFog":true,"showMaterialUpdate":true,"showSkybox":false,"showFlares":true,"showImageEffects":true,"showParticleSystems":true},"in2DMode":false,"pivot":{"x":2107.356689453125,"y":125.99861145019531,"z":1485.346435546875},"rotation":{"x":-0.1906196027994156,"y":-0.04543577879667282,"z":0.008868051692843438,"w":-0.9805933237075806},"size":355.83001708984377,"orthographic":true}