{"cameraMode":{"drawMode":0,"name":"Shaded","section":"Shading Mode"},"sceneLighting":false,"audioPlay":false,"sceneViewState":{"showFog":true,"showMaterialUpdate":false,"showSkybox":false,"showFlares":true,"showImageEffects":true,"showParticleSystems":true},"in2DMode":false,"pivot":{"x":1.4901161193847657e-8,"y":-7.450580596923828e-9,"z":-2.9802322387695315e-8},"rotation":{"x":0.06380591541528702,"y":0.8796038627624512,"z":-0.12343674898147583,"w":0.4550459384918213},"size":0.36136186122894289,"orthographic":true}