{"cameraMode":{"drawMode":0,"name":"Shaded","section":"Shading Mode"},"sceneLighting":false,"audioPlay":false,"sceneViewState":{"showFog":true,"showMaterialUpdate":true,"showSkybox":false,"showFlares":true,"showImageEffects":true,"showParticleSystems":true},"in2DMode":false,"pivot":{"x":-8.786650657653809,"y":1.4138398170471192,"z":14.921648979187012},"rotation":{"x":-0.0906134694814682,"y":0.1280953735113144,"z":-0.011752499267458916,"w":-0.9875471591949463},"size":1.7755224704742432,"orthographic":true}