{"cameraMode":{"drawMode":0,"name":"Shaded","section":"Shading Mode"},"sceneLighting":false,"audioPlay":false,"sceneViewState":{"showFog":true,"showMaterialUpdate":true,"showSkybox":false,"showFlares":true,"showImageEffects":true,"showParticleSystems":true},"in2DMode":false,"pivot":{"x":0.05993455648422241,"y":0.030663490295410157,"z":0.021726608276367189},"rotation":{"x":-0.04151976853609085,"y":-0.6952552199363709,"z":0.7164322733879089,"w":-0.04029245302081108},"size":1.024875521659851,"orthographic":true}