{"cameraMode":{"drawMode":0,"name":"Shaded","section":"Shading Mode"},"sceneLighting":false,"audioPlay":false,"sceneViewState":{"showFog":true,"showMaterialUpdate":true,"showSkybox":false,"showFlares":true,"showImageEffects":true,"showParticleSystems":true},"in2DMode":false,"pivot":{"x":5.440999984741211,"y":0.4099999964237213,"z":9.40999984741211},"rotation":{"x":0.355241060256958,"y":0.10067524015903473,"z":-0.03851592540740967,"w":0.9285436272621155},"size":1.2284579277038575,"orthographic":true}