{"cameraMode":{"drawMode":0,"name":"Shaded","section":"Shading Mode"},"sceneLighting":false,"audioPlay":false,"sceneViewState":{"showFog":true,"showMaterialUpdate":true,"showSkybox":false,"showFlares":true,"showImageEffects":true,"showParticleSystems":true},"in2DMode":false,"pivot":{"x":0.21435546875,"y":1.578369140625,"z":1.2490386962890626},"rotation":{"x":-0.17820990085601808,"y":0.7279015779495239,"z":-0.2061632126569748,"w":-0.6292114853858948},"size":0.9001757502555847,"orthographic":true}