{"cameraMode":{"drawMode":0,"name":"Shaded","section":"Shading Mode"},"sceneLighting":false,"audioPlay":false,"sceneViewState":{"showFog":true,"showMaterialUpdate":true,"showSkybox":false,"showFlares":true,"showImageEffects":true,"showParticleSystems":true},"in2DMode":false,"pivot":{"x":-0.009261012077331543,"y":0.024572372436523439,"z":0.16346721351146699},"rotation":{"x":-0.14629825949668885,"y":0.8497887849807739,"z":-0.3111605644226074,"w":-0.3995451033115387},"size":1.1099272966384888,"orthographic":true}