{"cameraMode":{"drawMode":0,"name":"Shaded","section":"Shading Mode"},"sceneLighting":false,"audioPlay":false,"sceneViewState":{"showFog":true,"showMaterialUpdate":true,"showSkybox":false,"showFlares":true,"showImageEffects":true,"showParticleSystems":true},"in2DMode":false,"pivot":{"x":0.146942138671875,"y":0.2349853515625,"z":-0.0330810546875},"rotation":{"x":-0.1697203814983368,"y":-0.8295380473136902,"z":-0.35620760917663576,"w":0.39520835876464846},"size":1.0345743894577027,"orthographic":true}