{"cameraMode":{"drawMode":0,"name":"Shaded","section":"Shading Mode"},"sceneLighting":false,"audioPlay":false,"sceneViewState":{"showFog":true,"showMaterialUpdate":true,"showSkybox":false,"showFlares":true,"showImageEffects":true,"showParticleSystems":true},"in2DMode":false,"pivot":{"x":-0.13518118858337403,"y":5.5205583572387699,"z":0.015045642852783203},"rotation":{"x":0.23954938352108003,"y":0.41031190752983096,"z":-0.11263547837734223,"w":0.872692346572876},"size":6.787446022033691,"orthographic":true}