{"cameraMode":{"drawMode":0,"name":"Shaded","section":"Shading Mode"},"sceneLighting":false,"audioPlay":false,"sceneViewState":{"showFog":true,"showMaterialUpdate":true,"showSkybox":false,"showFlares":true,"showImageEffects":true,"showParticleSystems":true},"in2DMode":false,"pivot":{"x":-9.819650650024414,"y":1.4138398170471192,"z":14.921648979187012},"rotation":{"x":-0.07252524793148041,"y":0.15641723573207856,"z":-0.011515893042087555,"w":-0.9849607944488525},"size":2.1744372844696047,"orthographic":true}