{"cameraMode":{"drawMode":0,"name":"Shaded","section":"Shading Mode"},"sceneLighting":false,"audioPlay":false,"sceneViewState":{"showFog":true,"showMaterialUpdate":true,"showSkybox":false,"showFlares":true,"showImageEffects":true,"showParticleSystems":true},"in2DMode":false,"pivot":{"x":0.0016166120767593384,"y":0.15384632349014283,"z":-0.019902972504496576},"rotation":{"x":-0.177106574177742,"y":-0.6309135556221008,"z":0.15101325511932374,"w":-0.7401375770568848},"size":0.18294842541217805,"orthographic":true}