{"cameraMode":{"drawMode":0,"name":"Shaded","section":"Shading Mode"},"sceneLighting":false,"audioPlay":false,"sceneViewState":{"showFog":true,"showMaterialUpdate":true,"showSkybox":false,"showFlares":true,"showImageEffects":true,"showParticleSystems":true},"in2DMode":false,"pivot":{"x":0.5784912109375,"y":-0.0513916015625,"z":0.610595703125},"rotation":{"x":0.06757400929927826,"y":-0.8324828147888184,"z":0.10418304800987244,"w":0.5399572849273682},"size":1.4578261375427247,"orthographic":true}