{"cameraMode":{"drawMode":0,"name":"Shaded","section":"Shading Mode"},"sceneLighting":false,"audioPlay":false,"sceneViewState":{"showFog":true,"showMaterialUpdate":true,"showSkybox":false,"showFlares":true,"showImageEffects":true,"showParticleSystems":true},"in2DMode":false,"pivot":{"x":0.03759765625,"y":1.4041595458984376,"z":0.9257354736328125},"rotation":{"x":0.05810920521616936,"y":-0.718853235244751,"z":0.060519617050886157,"w":0.6901078820228577},"size":1.0540759563446046,"orthographic":true}