{"cameraMode":{"drawMode":0,"name":"Shaded","section":"Shading Mode"},"sceneLighting":false,"audioPlay":false,"sceneViewState":{"showFog":true,"showMaterialUpdate":true,"showSkybox":false,"showFlares":true,"showImageEffects":true,"showParticleSystems":true},"in2DMode":false,"pivot":{"x":108.17923736572266,"y":47.86042785644531,"z":-55.84978103637695},"rotation":{"x":-0.1976938247680664,"y":-0.7789831161499023,"z":-0.5142754912376404,"w":0.29947346448898318},"size":317.62286376953127,"orthographic":true}