{"cameraMode":{"drawMode":0,"name":"Shaded","section":"Shading Mode"},"sceneLighting":false,"audioPlay":false,"sceneViewState":{"showFog":true,"showMaterialUpdate":false,"showSkybox":false,"showFlares":true,"showImageEffects":true,"showParticleSystems":true},"in2DMode":false,"pivot":{"x":47.099998474121097,"y":0.0,"z":28.700000762939454},"rotation":{"x":-0.26537567377090456,"y":-0.3737538456916809,"z":0.1125602126121521,"w":-0.8816404342651367},"size":29.964447021484376,"orthographic":true}