{"cameraMode":{"drawMode":0,"name":"Shaded","section":"Shading Mode"},"sceneLighting":false,"audioPlay":false,"sceneViewState":{"showFog":true,"showMaterialUpdate":true,"showSkybox":false,"showFlares":true,"showImageEffects":true,"showParticleSystems":true},"in2DMode":false,"pivot":{"x":-11.142189025878907,"y":1.6034698486328126,"z":1.6240715980529786},"rotation":{"x":-0.31858935952186587,"y":0.48786595463752749,"z":-0.19712895154953004,"w":-0.7884683012962341},"size":1.9043813943862916,"orthographic":true}