{"cameraMode":{"drawMode":0,"name":"Shaded","section":"Shading Mode"},"sceneLighting":false,"audioPlay":false,"sceneViewState":{"showFog":true,"showMaterialUpdate":true,"showSkybox":false,"showFlares":true,"showImageEffects":true,"showParticleSystems":true},"in2DMode":false,"pivot":{"x":-3.192383289337158,"y":0.729743242263794,"z":-1.722569227218628},"rotation":{"x":-0.4095313549041748,"y":0.5702134966850281,"z":-0.39337968826293948,"w":-0.5936368107795715},"size":1.4703588485717774,"orthographic":true}