{"cameraMode":{"drawMode":0,"name":"Shaded","section":"Shading Mode"},"sceneLighting":false,"audioPlay":false,"sceneViewState":{"showFog":true,"showMaterialUpdate":true,"showSkybox":false,"showFlares":true,"showImageEffects":true,"showParticleSystems":true},"in2DMode":false,"pivot":{"x":-7.717973709106445,"y":1.2243597507476807,"z":14.775390625},"rotation":{"x":0.055752962827682498,"y":-0.20519112050533296,"z":0.011708580888807774,"w":0.9770626425743103},"size":2.07785701751709,"orthographic":true}