{"cameraMode":{"drawMode":0,"name":"Shaded","section":"Shading Mode"},"sceneLighting":false,"audioPlay":false,"sceneViewState":{"showFog":true,"showMaterialUpdate":true,"showSkybox":false,"showFlares":true,"showImageEffects":true,"showParticleSystems":true},"in2DMode":false,"pivot":{"x":-21.099000930786134,"y":0.7629998922348023,"z":7.715000152587891},"rotation":{"x":0.26205408573150637,"y":0.2569713294506073,"z":-0.07263273000717163,"w":0.9273821711540222},"size":0.7917971014976502,"orthographic":true}