{"cameraMode":{"drawMode":0,"name":"Shaded","section":"Shading Mode"},"sceneLighting":false,"audioPlay":false,"sceneViewState":{"showFog":true,"showMaterialUpdate":true,"showSkybox":false,"showFlares":true,"showImageEffects":true,"showParticleSystems":true},"in2DMode":false,"pivot":{"x":1.4901161193847657e-8,"y":-7.450580596923828e-9,"z":-2.9802322387695315e-8},"rotation":{"x":0.13276785612106324,"y":0.7229825854301453,"z":-0.1450205296278,"w":0.6623603105545044},"size":0.36136186122894289,"orthographic":true}