{"cameraMode":{"drawMode":0,"name":"Shaded","section":"Shading Mode"},"sceneLighting":false,"audioPlay":false,"sceneViewState":{"showFog":true,"showMaterialUpdate":true,"showSkybox":false,"showFlares":true,"showImageEffects":true,"showParticleSystems":true},"in2DMode":false,"pivot":{"x":2.9802322387695315e-8,"y":0.0,"z":-2.9802322387695315e-8},"rotation":{"x":0.021300267428159715,"y":-0.9745775461196899,"z":0.10566532611846924,"w":0.1964377909898758},"size":0.5385386347770691,"orthographic":true}