{"cameraMode":{"drawMode":0,"name":"Shaded","section":"Shading Mode"},"sceneLighting":false,"audioPlay":false,"sceneViewState":{"showFog":true,"showMaterialUpdate":true,"showSkybox":false,"showFlares":true,"showImageEffects":true,"showParticleSystems":true},"in2DMode":false,"pivot":{"x":1.5129328966140748,"y":1.3661563396453858,"z":0.3905871510505676},"rotation":{"x":-0.028705237433314325,"y":0.9062398076057434,"z":-0.41715550422668459,"w":-0.06236064061522484},"size":1.2228847742080689,"orthographic":true}