{"cameraMode":{"drawMode":0,"name":"Shaded","section":"Shading Mode"},"sceneLighting":false,"audioPlay":false,"sceneViewState":{"showFog":true,"showMaterialUpdate":true,"showSkybox":false,"showFlares":true,"showImageEffects":true,"showParticleSystems":true},"in2DMode":false,"pivot":{"x":0.5974650979042053,"y":0.12949791550636292,"z":8.481980323791504},"rotation":{"x":-0.37340137362480166,"y":-0.14768649637699128,"z":0.06034184247255325,"w":-0.9138545393943787},"size":0.5337448120117188,"orthographic":true}