{"cameraMode":{"drawMode":0,"name":"Shaded","section":"Shading Mode"},"sceneLighting":false,"audioPlay":false,"sceneViewState":{"showFog":true,"showMaterialUpdate":true,"showSkybox":false,"showFlares":true,"showImageEffects":true,"showParticleSystems":true},"in2DMode":false,"pivot":{"x":0.021512269973754884,"y":1.227766513824463,"z":-0.06134033203125},"rotation":{"x":0.11994749307632446,"y":0.515897274017334,"z":-0.07322712242603302,"w":0.8450450897216797},"size":2.3725812435150148,"orthographic":true}