{"cameraMode":{"drawMode":0,"name":"Shaded","section":"Shading Mode"},"sceneLighting":false,"audioPlay":false,"sceneViewState":{"showFog":true,"showMaterialUpdate":true,"showSkybox":false,"showFlares":true,"showImageEffects":true,"showParticleSystems":true},"in2DMode":false,"pivot":{"x":2.1289632320404054,"y":1.0794637203216553,"z":0.616601824760437},"rotation":{"x":0.2100447416305542,"y":-0.4123210310935974,"z":0.09823082387447357,"w":0.881071150302887},"size":0.4464789032936096,"orthographic":true}