{"cameraMode":{"drawMode":0,"name":"Shaded","section":"Shading Mode"},"sceneLighting":false,"audioPlay":false,"sceneViewState":{"showFog":true,"showMaterialUpdate":true,"showSkybox":false,"showFlares":true,"showImageEffects":true,"showParticleSystems":true},"in2DMode":false,"pivot":{"x":-0.0014562085270881653,"y":0.15698665380477906,"z":-0.03795632719993591},"rotation":{"x":0.006609581410884857,"y":0.9048584699630737,"z":0.014130856841802597,"w":-0.42545998096466067},"size":0.23569710552692414,"orthographic":true}