{"cameraMode":{"drawMode":0,"name":"Shaded","section":"Shading Mode"},"sceneLighting":false,"audioPlay":false,"sceneViewState":{"showFog":true,"showMaterialUpdate":true,"showSkybox":false,"showFlares":true,"showImageEffects":true,"showParticleSystems":true},"in2DMode":false,"pivot":{"x":2.9802322387695315e-8,"y":0.0,"z":-2.9802322387695315e-8},"rotation":{"x":0.302681028842926,"y":-0.09216564893722534,"z":0.029421208426356317,"w":0.9481731057167053},"size":0.5385386347770691,"orthographic":true}