{"cameraMode":{"drawMode":0,"name":"Shaded","section":"Shading Mode"},"sceneLighting":false,"audioPlay":false,"sceneViewState":{"showFog":true,"showMaterialUpdate":true,"showSkybox":false,"showFlares":true,"showImageEffects":true,"showParticleSystems":true},"in2DMode":false,"pivot":{"x":-2.2223610877990724,"y":1.4389476776123047,"z":-2.1805927753448488},"rotation":{"x":-0.27289173007011416,"y":0.699919581413269,"z":-0.33628273010253909,"w":-0.567966639995575},"size":1.4154281616210938,"orthographic":true}