{"cameraMode":{"drawMode":0,"name":"Shaded","section":"Shading Mode"},"sceneLighting":false,"audioPlay":false,"sceneViewState":{"showFog":true,"showMaterialUpdate":true,"showSkybox":false,"showFlares":true,"showImageEffects":true,"showParticleSystems":true},"in2DMode":false,"pivot":{"x":-759.86572265625,"y":599.7779541015625,"z":101.9949951171875},"rotation":{"x":-0.2863178253173828,"y":0.011148575693368912,"z":-0.003368581645190716,"w":-0.9580793976783752},"size":1622.4620361328125,"orthographic":true}