{"cameraMode":{"drawMode":0,"name":"Shaded","section":"Shading Mode"},"sceneLighting":false,"audioPlay":false,"sceneViewState":{"showFog":true,"showMaterialUpdate":true,"showSkybox":false,"showFlares":true,"showImageEffects":true,"showParticleSystems":true},"in2DMode":false,"pivot":{"x":-0.004503604024648666,"y":-0.004460807889699936,"z":0.003870457410812378},"rotation":{"x":-0.13014167547225953,"y":0.8599947094917297,"z":-0.2716898024082184,"w":-0.4119282066822052},"size":0.043162520974874499,"orthographic":true}